{
  "__type__": "cc.Skeleton",
  "_name": "Skin-0",
  "_objFlags": 0,
  "_native": "",
  "_joints": [
    "RootNode/Dummy001/Bone001/Bone005/Bone006/Bone007/Bone016",
    "RootNode/Dummy001/Bone001",
    "RootNode/Dummy001/Bone001/Bone005/Bone006/Bone007",
    "RootNode/Dummy001",
    "RootNode/Dummy001/Bone001/Bone005/Bone006/Bone007/Bone016/Bone017/Bone018/Bone015",
    "RootNode/Dummy001/Bone001/Bone005/Bone006/Bone007/Bone016/Bone017/Bone018",
    "RootNode/Dummy001/Bone001/Bone005/Bone006/Bone007/Bone016/Bone017",
    "RootNode/Dummy001/Bone001/Bone005/Bone006",
    "RootNode/Dummy001/Bone001/Bone005",
    "RootNode/Dummy001/Bone001/Bone002",
    "RootNode/Dummy001/Bone001/Bone002/Bone010(mirrored)/Bone011(mirrored)/Bone012(mirrored)",
    "RootNode/Dummy001/Bone001/Bone002/Bone010(mirrored)/Bone011(mirrored)",
    "RootNode/Dummy001/Bone001/Bone002/Bone010(mirrored)",
    "RootNode/Dummy001/Bone001/Bone002/Bone010(mirrored)/Bone013(mirrored)",
    "RootNode/Dummy001/Bone001/Bone002/Bone010/Bone013/Bone014",
    "RootNode/Dummy001/Bone001/Bone002/Bone021",
    "RootNode/Dummy001/Bone001/Bone002/Bone008",
    "RootNode/Dummy001/Bone001/Bone002/Bone021/Bone022",
    "RootNode/Dummy001/Bone001/Bone002/Bone010/Bone011/Bone012",
    "RootNode/Dummy001/Bone001/Bone002/Bone010/Bone011",
    "RootNode/Dummy001/Bone001/Bone002/Bone010",
    "RootNode/Dummy001/Bone001/Bone002/Bone010/Bone013",
    "RootNode/Dummy001/Bone001/Bone002/Bone019",
    "RootNode/Dummy001/Bone001/Bone002/Bone019/Bone020",
    "RootNode/Dummy001/Bone001/Bone002/Bone008/Bone009"
  ],
  "_bindposes": [
    {
      "__type__": "cc.Mat4",
      "m00": 2.02734362630963e-8,
      "m01": -0.0006692589959129691,
      "m02": -0.9999998211860657,
      "m03": 0,
      "m04": 0.9775598645210266,
      "m05": -0.21065829694271088,
      "m06": 0.0001410047843819484,
      "m07": 0,
      "m08": -0.21065835654735565,
      "m09": -0.9775596261024475,
      "m10": 0.000654236355330795,
      "m11": 0,
      "m12": -0.3625507354736328,
      "m13": 0.15956196188926697,
      "m14": -0.000106856256024912,
      "m15": 1
    },
    {
      "__type__": "cc.Mat4",
      "m00": -3.384514357662738e-8,
      "m01": 9.555043334330549e-7,
      "m02": -1.0000001192092896,
      "m03": 0,
      "m04": 0.10781575739383698,
      "m05": 0.9941710233688354,
      "m06": 9.46285467762209e-7,
      "m07": 0,
      "m08": 0.9941710233688354,
      "m09": -0.10781575739383698,
      "m10": -1.3666625875430327e-7,
      "m11": 0,
      "m12": -0.007013367488980293,
      "m13": -0.010578758083283901,
      "m14": -9.870678496781693e-9,
      "m15": 1
    },
    {
      "__type__": "cc.Mat4",
      "m00": -1.3072398985514155e-7,
      "m01": -4.0741753082329524e-7,
      "m02": -1.0000001192092896,
      "m03": 0,
      "m04": 0.9775590300559998,
      "m05": -0.21066217124462128,
      "m06": -4.1962941565998335e-8,
      "m07": 0,
      "m08": -0.21066217124462128,
      "m09": -0.9775590300559998,
      "m10": 4.258132548784488e-7,
      "m11": 0,
      "m12": -0.288646399974823,
      "m13": 0.15956340730190277,
      "m14": -7.824103676057348e-8,
      "m15": 1
    },
    {
      "__type__": "cc.Mat4",
      "m00": 1.4353752136230469,
      "m01": 0,
      "m02": 0,
      "m03": 0,
      "m04": 0,
      "m05": 1.4353752136230469,
      "m06": -2.465190328815662e-32,
      "m07": 0,
      "m08": 0,
      "m09": 2.465190328815662e-32,
      "m10": 1.4353752136230469,
      "m11": 0,
      "m12": 0,
      "m13": -0.058484699577093124,
      "m14": -0.2463957518339157,
      "m15": 1
    },
    {
      "__type__": "cc.Mat4",
      "m00": 0.00007667428144486621,
      "m01": 0.02510630339384079,
      "m02": -0.9996848702430725,
      "m03": 0,
      "m04": 0.9968096017837524,
      "m05": -0.07979501783847809,
      "m06": -0.0019275351660326123,
      "m07": 0,
      "m08": -0.0798182561993599,
      "m09": -0.996495246887207,
      "m10": -0.025032315403223038,
      "m11": 0,
      "m12": -0.5461621880531311,
      "m13": 0.10081979632377625,
      "m14": 0.002497804583981633,
      "m15": 1
    },
    {
      "__type__": "cc.Mat4",
      "m00": 0.00007667428144486621,
      "m01": 0.025105305016040802,
      "m02": -0.9996849894523621,
      "m03": 0,
      "m04": 0.9968096017837524,
      "m05": -0.07979502528905869,
      "m06": -0.0019274554215371609,
      "m07": 0,
      "m08": -0.0798182561993599,
      "m09": -0.9964953660964966,
      "m10": -0.02503132075071335,
      "m11": 0,
      "m12": -0.4920460283756256,
      "m13": 0.10081994533538818,
      "m14": 0.002497683744877577,
      "m15": 1
    },
    {
      "__type__": "cc.Mat4",
      "m00": 0.00007663942960789427,
      "m01": 0.000005976187367195962,
      "m02": -1.0000001192092896,
      "m03": 0,
      "m04": 0.9952622652053833,
      "m05": -0.09722772240638733,
      "m06": 0.00007569527224404737,
      "m07": 0,
      "m08": -0.09722772240638733,
      "m09": -0.9952623248100281,
      "m10": -0.000013399349882092793,
      "m11": 0,
      "m12": -0.44364362955093384,
      "m13": 0.10943520069122314,
      "m14": -0.00003340590774314478,
      "m15": 1
    },
    {
      "__type__": "cc.Mat4",
      "m00": -1.307240324877057e-7,
      "m01": -2.632954192449688e-7,
      "m02": -1.0000001192092896,
      "m03": 0,
      "m04": 0.9775590300559998,
      "m05": -0.2106623351573944,
      "m06": -7.232401344481332e-8,
      "m07": 0,
      "m08": -0.2106623351573944,
      "m09": -0.9775590300559998,
      "m10": 2.8492539172475517e-7,
      "m11": 0,
      "m12": -0.22859331965446472,
      "m13": 0.15956346690654755,
      "m14": -5.524442414639452e-8,
      "m15": 1
    },
    {
      "__type__": "cc.Mat4",
      "m00": -1.352388494524348e-7,
      "m01": -2.5724673946569965e-7,
      "m02": -1.0000001192092896,
      "m03": 0,
      "m04": 0.9737295508384705,
      "m05": -0.2277083843946457,
      "m06": -7.310880079103299e-8,
      "m07": 0,
      "m08": -0.2277083843946457,
      "m09": -0.9737295508384705,
      "m10": 2.812836896737281e-7,
      "m11": 0,
      "m12": -0.17817281186580658,
      "m13": 0.16353273391723633,
      "m14": -5.4650001857226016e-8,
      "m15": 1
    },
    {
      "__type__": "cc.Mat4",
      "m00": 1.9207872625770506e-8,
      "m01": -4.441026746349053e-8,
      "m02": -1.0187729597091675,
      "m03": 0,
      "m04": 0.16328464448451996,
      "m05": 0.9938807487487793,
      "m06": -4.114362184282072e-8,
      "m07": 0,
      "m08": 0.9900471568107605,
      "m09": -0.1639169156551361,
      "m10": 2.6550841525363467e-8,
      "m11": 0,
      "m12": -0.15142202377319336,
      "m13": -0.002237920416519046,
      "m14": -7.792592349176175e-9,
      "m15": 1
    },
    {
      "__type__": "cc.Mat4",
      "m00": 0.902117133140564,
      "m01": 0.26474910974502563,
      "m02": -0.37968772649765015,
      "m03": 0,
      "m04": -0.26751288771629333,
      "m05": -0.38194915652275085,
      "m06": -0.8940397500991821,
      "m07": 0,
      "m08": -0.3824569582939148,
      "m09": 0.8916323781013489,
      "m10": -0.2702411413192749,
      "m11": 0,
      "m12": -0.08502276241779327,
      "m13": -0.3131658434867859,
      "m14": 0.1927613765001297,
      "m15": 1
    },
    {
      "__type__": "cc.Mat4",
      "m00": 0.9052757620811462,
      "m01": 0.2544267773628235,
      "m02": -0.37955278158187866,
      "m03": 0,
      "m04": -0.27199894189834595,
      "m05": -0.3784264624118805,
      "m06": -0.8942054510116577,
      "m07": 0,
      "m08": -0.37192800641059875,
      "m09": 0.8960282206535339,
      "m10": -0.26988285779953003,
      "m11": 0,
      "m12": 0.0005777878104709089,
      "m13": -0.3122122585773468,
      "m14": 0.1926293671131134,
      "m15": 1
    },
    {
      "__type__": "cc.Mat4",
      "m00": 0.5820688009262085,
      "m01": -0.8073077201843262,
      "m02": 0.1803530603647232,
      "m03": 0,
      "m04": 0.13068056106567383,
      "m05": -0.12873971462249756,